{
  "means":
  [
    -0.2977703601677809,
    0.7087907972187165,
    -0.3406034361974349,
    -0.04829700766646073,
    1.2168446404846511,
    -0.6766647893502078
  ],
  "std_devs":
  [
    0.2125834797112851,
    0.3043766899820435,
    0.4276848709451315,
    47.64682772965624,
    19.179660427173125,
    18.53087472229702
  ]
}