{
  "means": [
    2.920902723592039e-05,
    -0.000180025823593853,
    3.909651624893676e-05,
    -0.05535646105101096,
    1.2168212166384362,
    -0.6796172670880692
  ],
  "std_devs": [
    0.044063484346753015,
    0.06993902831587387,
    0.07597174402019895,
    47.2199693889655,
    19.014712551360386,
    18.366838946554044
  ]
}