{
  "means":
  [
    1.4043058745879082,
    -2.3348576373361825,
    0.7977636516951829,
    -0.08450395040622626,
    0.0011932534613757336,
    -0.02833389769353157
  ],
  "std_devs":
  [
    0.18298814492985718,
    0.21075156288354846,
    0.16189152471285664,
    0.9477050999271412,
    0.9052741009796336,
    0.8249489582608126
  ]
}