{
  "means":
  [
    -2.9884119105430695e-06,
    -5.954085661971727e-07,
    2.994922065759976e-06,
    -0.055283838174293276,
    1.2168905702011004,
    -0.6794568499979613
  ],
  "std_devs":
  [
    0.04187975956464646,
    0.06706884004667911,
    0.07173130752165364,
    47.21421489641251,
    19.011137462309648,
    18.36447701543065
  ]
}