{
  "session_1": 14.544,
  "session_2": 18.889,
  "session_3": 13.709,
  "session_4": 7.362,
  "session_5": 13.508000000000001,
  "session_6": 22.206,
  "session_7": 24.558,
  "session_8": 15.449,
  "session_9": 22.37,
  "session_10": 15.589,
  "session_11": 13.013,
  "session_12": 13.806000000000001,
  "session_13": 5.944,
  "session_14": 11.011000000000001,
  "session_15": 9.727,
  "session_16": 24.863,
  "session_17": 24.444,
  "session_18": 10.894,
  "session_19": 6.981,
  "session_20": 5.8870000000000005,
  "session_21": 0.0
}