{
  "1": 14.545000000000002,
  "2": 18.891,
  "3": 13.713,
  "4": 7.365,
  "5": 13.51,
  "6": 22.213,
  "7": 24.559,
  "8": 15.454,
  "9": 22.3746,
  "10": 15.591,
  "11": 13.017,
  "12": 13.81,
  "13": 5.944000000000001,
  "14": 11.02,
  "15": 9.732,
  "16": 24.867,
  "17": 24.447,
  "18": 10.899999999999999,
  "19": 6.986,
  "20": 5.894,
  "21": 7.1370000000000005
}