{
  "1": [14.545000000000002, 4515],
  "2": [18.891, 5547],
  "3": [13.713, 3103],
  "4": [7.365, 3064],
  "5": [13.51, 4693],
  "6": [22.213, 2579],
  "7": [24.559, 2942],
  "8": [15.454, 2372],
  "9": [22.3746, 1079],
  "10": [15.591, 4299],
  "11": [13.017, 4081],
  "12": [13.81, 2404],
  "13": [5.944000000000001, 1927],
  "14": [11.02, 2647],
  "15": [9.732, 3912],
  "16": [24.867, 2173],
  "17": [24.447, 1522],
  "18": [10.899999999999999, 3619],
  "19": [6.986, 1562],
  "20": [5.894, 2650],
  "21": [7.1370000000000005, 4134]
}