{
  "1": [14.545000000000002, 4891],
  "2": [18.891, 5895],
  "3": [13.713, 3340],
  "4": [7.365, 3356],
  "5": [13.51, 5196],
  "6": [22.213, 2758],
  "7": [24.559, 3237],
  "8": [15.454, 2372],
  "9": [22.3746, 1202],
  "10": [15.591, 4585],
  "11": [13.017, 4339],
  "12": [13.81, 2578],
  "13": [5.944000000000001, 2065],
  "14": [11.02, 2831],
  "15": [9.732, 4180],
  "16": [24.867, 2496],
  "17": [24.447, 1721],
  "18": [10.899999999999999, 3904],
  "19": [6.986, 1726],
  "20": [5.894, 2899],
  "21": [7.1370000000000005, 4431]
}