{
  "0": 14.545000000000002,
  "1": 18.891,
  "2": 13.713,
  "3": 7.365,
  "4": 13.51,
  "5": 22.213,
  "6": 24.559,
  "7": 15.454,
  "8": 22.3746,
  "9": 15.591,
  "10": 13.017,
  "11": 13.81,
  "12": 5.944000000000001,
  "13": 11.02,
  "14": 9.732,
  "15": 24.867,
  "16": 24.447,
  "17": 10.899999999999999,
  "18": 6.986,
  "19": 5.894,
  "20": 7.1370000000000005}